<?xml version="1.0" encoding="UTF-8"?>
<?xml-stylesheet type="text/xsl" href="changelog.xsl"?>

<changelog>


<release>
<name>AfxHookSource2</name>
<version>0.12.0</version>
<time>2024-05-01T08:19Z</time>
<changes>
<change type="added">Adjusted to CS2 update.</change>
</changes>
</release>


<release>
<name>AfxHookSource2</name>
<version>0.11.0</version>
<time>2024-04-27T16:43Z</time>
<changes>
<change type="added">Adjusted to CS2 update: Fixes #932 Camera Swapped when adding new one.</change>
</changes>
</release>



<release>
<name>AfxHookSource2</name>
<version>0.10.0</version>
<time>2024-04-04T17:02Z</time>
<changes>
<change type="added">Added #926 command line launch option -afxDisableSteamStorage for disabling Steam cloud syncing (useful to be combined with USRLOCALCSGO environment variable).</change>
<change type="fixed">Fixed #925 Unicode HLAE print bug in CS2.</change>
</changes>
</release>


<release>
<name>AfxHookSource2</name>
<version>0.9.1</version>
<time>2024-02-27T19:57Z</time>
<changes>
<change type="updated">mirv_streams record now detects the host_framerate or sets it if mirv_streams record fps is set accordingly.</change>
<change type="updated">mirv_streams record now sets engine_no_focus_sleep 0 during recording.</change>
<change type="updated">mirv_streams record now sets r_always_render_all_windows true during recording.</change>
<change type="fixed">Tried to fix HLAE crashing e.g. when FACEIT is not disabled; Pleae note, we strongly recommend to instead disable FACEIT anti cheat by clicking the tray icon and selecting disable service (newer versions have that option) instead.</change>
</changes>
<comments>
Don't forget: mirv_streams record screen enabled 1 - before recording, otherwise you will only get audio.
</comments>
</release>


<release>
<name>AfxHookSource2</name>
<version>0.9.0</version>
<time>2024-02-23T18:32Z</time>
<changes>
<change type="added">Added mirv_streams record, mirv_streams settings for simple screen-recordings. Set mirv_streams record fps - before starting to record, it will be used to set the host_framerate for the recording. The output is in the folder where cs2.exe is located.<br />
Front-ends startmovie for audio. This feature is still experimental, e.g. if the device is reset / resolution changed during recording there will be problems, also if game is quit while recording, there will be problems.</change>
<change type="added">Added: mirv_input cfg stepFactor - to set the speed multiplier.</change>
</changes>
</release>


<release>
<name>AfxHookSource2</name>
<version>0.8.3</version>
<time>2024-02-10T13:28Z</time>
<changes>
<change type="fixed">Fixed #906 CS2 update: mirv_campath draw broken. The 3rd attempt.</change>
</changes>
</release>


<release>
<name>AfxHookSource2</name>
<version>0.8.2</version>
<time>2024-02-07T17:16Z</time>
<changes>
<change type="fixed">Fixed #906 CS2 update: mirv_campath draw broken. Again.</change>
<change type="fixed">Fixed wrong ticks e.g. in mirv_campath print etc.</change>
</changes>
</release>


<release>
<name>AfxHookSource2</name>
<version>0.8.1</version>
<time>2024-02-07T10:00Z</time>
<changes>
<change type="fixed">Fixed #905 CS2 update: mirv_input camera mouse (rawinput) broken.</change>
<change type="fixed">Fixed #906 CS2 update: mirv_campath draw broken.</change>
</changes>
</release>


<release>
<name>AfxHookSource2</name>
<version>0.8.0</version>
<time>2024-01-05T13:20Z</time>
<changes>
<change type="fixed">Fixed #886 mouse3 mis-configured.</change>
<change type="added">Added #817 mirv_input local axis movement.</change>
<change type="fixed">Fixed #893 CS2 / CS:GO e.g. mirv_campath load takes a long time.</change>
</changes>
</release>


<release>
<name>AfxHookSource2</name>
<version>0.7.2</version>
<time>2023-12-08T10:58Z</time>
<changes>
<change type="fixed">Fixes #890 Flickering with mirv_campath draw in CS2 at high FPS.</change>
<change type="fixed">Fixes #887 CS2: mirv_ commands do not work randomly.</change>
</changes>
</release>


<release>
<name>AfxHookSource2</name>
<version>0.7.1</version>
<time>2023-12-05T11:20Z</time>
<changes>
<change type="added">Added #880 CS2: mirv_campath draw.</change>
<change type="fixed">Fixed #888 CS2: mirv_cmd will only work once (not detect level change).</change>
</changes>
</release>

<release>
<name>AfxHookSource2</name>
<version>0.6.4</version>
<time>2023-11-17T08:46Z</time>
<changes>
<change type="fixed">Adjusted to latest CS2 update.</change>
</changes>
<comments>
While we believe that Valve addressed the issue of -insecure not working in CS2 in some circumstances, we are not sure, so please make sure to not connect to live CSTV servers or game servers in order to avoid a VAC ban! Watching demos is fine.
</comments>
</release>


<release>
<name>AfxHookSource2</name>
<version>0.6.3</version>
<time>2023-09-11T18:30Z</time>
<changes>
<change type="fixed">Fixes #884 OBS studio crashing.</change>
</changes>
<comments>
While we believe that Valve addressed the issue of -insecure not working in CS2 in some circumstances, we are not sure, so please make sure to not connect to live CSTV servers or game servers in order to avoid a VAC ban! Watching demos is fine.
</comments>
</release>


<release>
<name>AfxHookSource2</name>
<version>0.6.2</version>
<time>2023-09-11T13:46Z</time>
<changes>
<change type="fixed">Adjusted to latest CS2 update.</change>
</changes>
<comments>
While we believe that Valve addressed the issue of -insecure not working in CS2 in some circumstances, we are not sure, so please make sure to not connect to live CSTV servers or game servers in order to avoid a VAC ban! Watching demos is fine.
</comments>
</release>


<release>
<name>AfxHookSource2</name>
<version>0.6.1</version>
<time>2023-10-18T06:47Z</time>
<changes>
<change type="fixed">Fixed mirv_input cfg smooth start position.</change>
<change type="updated">Removed commas in mirv_campath print to make copy and paste easier.</change>
<change type="updated">Renamed DLL back from AfxHookSource2_IF_YOU_USE_THIS_TO_JOIN_GOTV_OR_VAC_SERVERS_YOU_WILL_GET_VAC_BANNED.dll to AfxHookSource2.dll, since Valve seems to have addressed the issue.</change>
</changes>
<comments>
While we believe that Valve addressed the issue of -insecure not working in CS2 in some circumstances, we are not sure, so please make sure to not connect to live CSTV servers or game servers in order to avoid a VAC ban! Watching demos is fine.
</comments>
</release>


<release>
<name>AfxHookSource2</name>
<version>0.6.0</version>
<time>2023-10-08T16:44Z</time>
<changes>
<change type="added">Added mirv_input cfg smooth.</change>
</changes>
</release>


<release>
<name>AfxHookSource2</name>
<version>0.5.2</version>
<time>2023-10-05T13:44Z</time>
<changes>
<change type="updated">Renamed DLL to inject, to make it clear that you can get VAC banned if you join servers despite -insecure mode (probably new CS2 bug).</change>
</changes>
</release>


<release>
<name>AfxHookSource2</name>
<version>0.5.1</version>
<time>2023-10-03T05:04Z</time>
<changes>
<change type="fixed">Adjusted to CS2 updated. PS: they broke old demos again.</change>
</changes>
</release>


<release>
<name>AfxHookSource2</name>
<version>0.5.0</version>
<time>2023-10-02T04:54Z</time>
<changes>
<change type="added">Added mirv_skip (thanks @ficcialfaint).</change>
</changes>
</release>


<release>
<name>AfxHookSource2</name>
<version>0.4.1</version>
<time>2023-09-29T10:14Z</time>
<changes>
<change type="fixed">
Fixed mirv_cmd, mirv_campath ticks / demo time being broken / wrong.
</change>
<change type="updated">
Updated mirv_cmd to support sub-tick in CS2 too.
</change>
</changes>
</release>


<release>
<name>AfxHookSource2</name>
<version>0.4.0</version>
<time>2023-09-25T10:50Z</time>
<changes>
<change type="added">
Added mirv_camio.
</change>
</changes>
</release>


<release>
<name>AfxHookSource2</name>
<version>0.3.0</version>
<time>2023-09-24T14:39Z</time>
<changes>
<change type="added">
Added mirv_cmd.
</change>
</changes>
</release>


<release>
<name>AfxHookSource2</name>
<version>0.2.2</version>
<time>2023-09-06T19:00Z</time>
<changes>
<change type="fixed">
Fixed mirv_campath using real time instead of game time.
</change>
<change type="updated">
Updated mirv_campath to recognize demo time and tick.
</change>
</changes>
</release>


<release>
<name>AfxHookSource2</name>
<version>0.2.1</version>
<time>2023-09-01T18:13Z</time>
<changes>
<change type="fixed">
Adjusted to CS2 update.
</change>
</changes>
</release>


<release>
<name>AfxHookSource2</name>
<version>0.2.0</version>
<time>2023-08-26T19:11Z</time>
<changes>
<change type="added">
Added mirv_input.
</change>
<change type="fixed">
Fixed mirv_campath not working with latest CS2 update.
</change>
</changes>
</release>

<release>
<name>AfxHookSource2</name>
<version>0.1.0</version>
<time>2023-07-24T15:50Z</time>
<changes>
<change type="added">
Added mirv_campath. There's currently no mirv_input camera, so you can only make campaths on a map or in a HLTV demo I think. You could work around mirv_input missing for POV demos using mirv_cvar_unhide_all, cl_demoviewoverride 1, and setang / setang_exact (because you can't rotate the view otherwise) or similar tricks maybe.
</change>
</changes>
</release>

<release>
<name>AfxHookSource2</name>
<version>0.0.2</version>
<time>2023-07-19T15:30Z</time>
<changes>
<change type="removed">
Removed auto cvar / cmd unlock.
</change>
<change type="added">
Added mirv_cvar_unhide_all.
</change>
<change type="added">
Added mirv_suppress_disconnects.
</change>
</changes>
</release>

<release>
<name>AfxHookSource2</name>
<version>0.0.1</version>
<time>2023-07-14T18:50Z</time>
<changes>
<change type="added">
First version. Can not do much, all it currently does is unlock hidden / protected cvars and cmds in CS2 when used with custom loader:<br />
ProgramPath: C:\Program Files (x86)\Steam\steamapps\common\Counter-Strike Global Offensive\game\bin\win64\cs2.exe<br />
CommandLine: -steam -insecure +sv_lan 1 -console -novid -window -w 1920 -h 1080<br />
DLLs to inject: hlae-folder\x64\AfxHookSource2.dll
</change>
</changes>
</release>

</changelog>