<?xml version="1.0" encoding="UTF-8"?>
<?xml-stylesheet type="text/xsl" href="changelog.xsl"?>

<changelog>


<release>
<name>AfxHookSource2</name>
<version>0.5.1</version>
<time>2023-10-03T05:04Z</time>
<changes>
<change type="fixed">Adjusted to CS2 updated. PS: they broke old demos again.</change>
</changes>
</release>


<release>
<name>AfxHookSource2</name>
<version>0.5.0</version>
<time>2023-10-02T04:54Z</time>
<changes>
<change type="added">Added mirv_skip (thanks @ficcialfaint).</change>
</changes>
</release>


<release>
<name>AfxHookSource2</name>
<version>0.4.1</version>
<time>2023-09-29T10:14Z</time>
<changes>
<change type="fixed">
Fixed mirv_cmd, mirv_campath ticks / demo time being broken / wrong.
</change>
<change type="updated">
Updated mirv_cmd to support sub-tick in CS2 too.
</change>
</changes>
</release>


<release>
<name>AfxHookSource2</name>
<version>0.4.0</version>
<time>2023-09-25T10:50Z</time>
<changes>
<change type="added">
Added mirv_camio.
</change>
</changes>
</release>


<release>
<name>AfxHookSource2</name>
<version>0.3.0</version>
<time>2023-09-24T14:39Z</time>
<changes>
<change type="added">
Added mirv_cmd.
</change>
</changes>
</release>


<release>
<name>AfxHookSource2</name>
<version>0.2.2</version>
<time>2023-09-06T19:00Z</time>
<changes>
<change type="fixed">
Fixed mirv_campath using real time instead of game time.
</change>
<change type="updated">
Updated mirv_campath to recognize demo time and tick.
</change>
</changes>
</release>


<release>
<name>AfxHookSource2</name>
<version>0.2.1</version>
<time>2023-09-01T18:13Z</time>
<changes>
<change type="fixed">
Adjusted to CS2 update.
</change>
</changes>
</release>


<release>
<name>AfxHookSource2</name>
<version>0.2.0</version>
<time>2023-08-26T19:11Z</time>
<changes>
<change type="added">
Added mirv_input.
</change>
<change type="fixed">
Fixed mirv_campath not working with latest CS2 update.
</change>
</changes>
</release>

<release>
<name>AfxHookSource2</name>
<version>0.1.0</version>
<time>2023-07-24T15:50Z</time>
<changes>
<change type="added">
Added mirv_campath. There's currently no mirv_input camera, so you can only make campaths on a map or in a HLTV demo I think. You could work around mirv_input missing for POV demos using mirv_cvar_unhide_all, cl_demoviewoverride 1, and setang / setang_exact (because you can't rotate the view otherwise) or similar tricks maybe.
</change>
</changes>
</release>

<release>
<name>AfxHookSource2</name>
<version>0.0.2</version>
<time>2023-07-19T15:30Z</time>
<changes>
<change type="removed">
Removed auto cvar / cmd unlock.
</change>
<change type="added">
Added mirv_cvar_unhide_all.
</change>
<change type="added">
Added mirv_suppress_disconnects.
</change>
</changes>
</release>

<release>
<name>AfxHookSource2</name>
<version>0.0.1</version>
<time>2023-07-14T18:50Z</time>
<changes>
<change type="added">
First version. Can not do much, all it currently does is unlock hidden / protected cvars and cmds in CS2 when used with custom loader:<br />
ProgramPath: C:\Program Files (x86)\Steam\steamapps\common\Counter-Strike Global Offensive\game\bin\win64\cs2.exe<br />
CommandLine: -steam -insecure +sv_lan 1 -console -novid -window -w 1920 -h 1080<br />
DLLs to inject: hlae-folder\x64\AfxHookSource2.dll
</change>
</changes>
</release>

</changelog>